Workbook
Name المناطق: #REF!

Sheet Delivery fees
A1: Aramex inbound (Inside of Jordan) - Express Delivery
A2: Governorate | E2: Fees JOD | F2: Fees USD
A3: Amman | E3: 2 | F3: =E3*1.4085 -> 2.817
A4: All other Governorates | E4: 3 | F4: =E4*1.4085 -> 4.2255
A7: Aramex Outbound (Outside of Jordan) - Express Delivery
A8: Country Name (Ar) | B8: Country Name (En) | C8: Area Code | D8: Fees in JOD | E8: Fees in USD | F8: Special Conditions | G8: Added Fees JOD | H8: Added Fees USD | I8: Total JOD | J8: Total USD | L8: Special Conditions | M8: Added Fees JOD | N8: Added Fees USD | O8: Notes
A9: سوريا (W) | B9: Syria (W) | C9: 1 | D9: =_xlfn.XLOOKUP(C9, Sheet2!A:A, Sheet2!B:B) -> 5 | E9: =Table1[[#This Row],[Fees in JOD]]*1.4085 -> 7.0425 | F9: W | G9: =_xlfn.XLOOKUP(F9, Sheet2!C:C, Sheet2!D:D) -> 10 | H9: =Table1[[#This Row],[Added Fees JOD]]*1.4085 -> 14.085 | I9: =Table1[[#This Row],[Fees in JOD]]+Table1[[#This Row],[Added Fees JOD]] -> 15 | J9: =Table1[[#This Row],[Fees in USD]]+Table1[[#This Row],[Added Fees USD]] -> 21.1275 | L9: W | M9: 10 | N9: =Table2[[#This Row],[Added Fees JOD]]*1.4085 -> 14.085 | O9: cover war-related risks and other contingencies
A10: فلسطين (W) | B10: Palestine (W) | C10: 1 | D10: =_xlfn.XLOOKUP(C10, Sheet2!A:A, Sheet2!B:B) -> 5 | E10: =Table1[[#This Row],[Fees in JOD]]*1.4085 -> 7.0425 | F10: W | G10: =_xlfn.XLOOKUP(F10, Sheet2!C:C, Sheet2!D:D) -> 10 | H10: =Table1[[#This Row],[Added Fees JOD]]*1.4085 -> 14.085 | I10: =Table1[[#This Row],[Fees in JOD]]+Table1[[#This Row],[Added Fees JOD]] -> 15 | J10: =Table1[[#This Row],[Fees in USD]]+Table1[[#This Row],[Added Fees USD]] -> 21.1275 | L10: AC US | M10: 10 | N10: =Table2[[#This Row],[Added Fees JOD]]*1.4085 -> 14.085 | O10: Address correction for shipments delivered within the United States
A11: لبنان | B11: Lebanon | C11: 1 | D11: =_xlfn.XLOOKUP(C11, Sheet2!A:A, Sheet2!B:B) -> 5 | E11: =Table1[[#This Row],[Fees in JOD]]*1.4085 -> 7.0425 | G11: =_xlfn.XLOOKUP(F11, Sheet2!C:C, Sheet2!D:D) -> 0 | H11: =Table1[[#This Row],[Added Fees JOD]]*1.4085 -> 0 | I11: =Table1[[#This Row],[Fees in JOD]]+Table1[[#This Row],[Added Fees JOD]] -> 5 | J11: =Table1[[#This Row],[Fees in USD]]+Table1[[#This Row],[Added Fees USD]] -> 7.0425 | L11: AC WW | M11: 5 | N11: =Table2[[#This Row],[Added Fees JOD]]*1.4085 -> 7.0425 | O11: address correction for shipments delivered to countries other than the United States
A12: الامارات العربيه | B12: United Arab Emirates | C12: 2 | D12: =_xlfn.XLOOKUP(C12, Sheet2!A:A, Sheet2!B:B) -> 6 | E12: =Table1[[#This Row],[Fees in JOD]]*1.4085 -> 8.451 | G12: =_xlfn.XLOOKUP(F12, Sheet2!C:C, Sheet2!D:D) -> 0 | H12: =Table1[[#This Row],[Added Fees JOD]]*1.4085 -> 0 | I12: =Table1[[#This Row],[Fees in JOD]]+Table1[[#This Row],[Added Fees JOD]] -> 6 | J12: =Table1[[#This Row],[Fees in USD]]+Table1[[#This Row],[Added Fees USD]] -> 8.451 | L12: SoD | M12: 7 | N12: =Table2[[#This Row],[Added Fees JOD]]*1.4085 -> 9.8595 | O12: “Signature on Delivery” service for shipments delivered within the United States
A13: البحرين | B13: Bahrain | C13: 2 | D13: =_xlfn.XLOOKUP(C13, Sheet2!A:A, Sheet2!B:B) -> 6 | E13: =Table1[[#This Row],[Fees in JOD]]*1.4085 -> 8.451 | G13: =_xlfn.XLOOKUP(F13, Sheet2!C:C, Sheet2!D:D) -> 0 | H13: =Table1[[#This Row],[Added Fees JOD]]*1.4085 -> 0 | I13: =Table1[[#This Row],[Fees in JOD]]+Table1[[#This Row],[Added Fees JOD]] -> 6 | J13: =Table1[[#This Row],[Fees in USD]]+Table1[[#This Row],[Added Fees USD]] -> 8.451 | L13: RD in US | M13: 7 | N13: =Table2[[#This Row],[Added Fees JOD]]*1.4085 -> 9.8595 | O13: residential address delivery within the United States, amounting to 7 JOD per package.
A14: العراق (W) | B14: Iraq (W) | C14: 2 | D14: =_xlfn.XLOOKUP(C14, Sheet2!A:A, Sheet2!B:B) -> 6 | E14: =Table1[[#This Row],[Fees in JOD]]*1.4085 -> 8.451 | F14: W | G14: =_xlfn.XLOOKUP(F14, Sheet2!C:C, Sheet2!D:D) -> 10 | H14: =Table1[[#This Row],[Added Fees JOD]]*1.4085 -> 14.085 | I14: =Table1[[#This Row],[Fees in JOD]]+Table1[[#This Row],[Added Fees JOD]] -> 16 | J14: =Table1[[#This Row],[Fees in USD]]+Table1[[#This Row],[Added Fees USD]] -> 22.536
A15: العربيه السعوديه | B15: Saudi Arabia | C15: 2 | D15: =_xlfn.XLOOKUP(C15, Sheet2!A:A, Sheet2!B:B) -> 6 | E15: =Table1[[#This Row],[Fees in JOD]]*1.4085 -> 8.451 | G15: =_xlfn.XLOOKUP(F15, Sheet2!C:C, Sheet2!D:D) -> 0 | H15: =Table1[[#This Row],[Added Fees JOD]]*1.4085 -> 0 | I15: =Table1[[#This Row],[Fees in JOD]]+Table1[[#This Row],[Added Fees JOD]] -> 6 | J15: =Table1[[#This Row],[Fees in USD]]+Table1[[#This Row],[Added Fees USD]] -> 8.451
A16: الكويت | B16: Kuwait | C16: 2 | D16: =_xlfn.XLOOKUP(C16, Sheet2!A:A, Sheet2!B:B) -> 6 | E16: =Table1[[#This Row],[Fees in JOD]]*1.4085 -> 8.451 | G16: =_xlfn.XLOOKUP(F16, Sheet2!C:C, Sheet2!D:D) -> 0 | H16: =Table1[[#This Row],[Added Fees JOD]]*1.4085 -> 0 | I16: =Table1[[#This Row],[Fees in JOD]]+Table1[[#This Row],[Added Fees JOD]] -> 6 | J16: =Table1[[#This Row],[Fees in USD]]+Table1[[#This Row],[Added Fees USD]] -> 8.451
A17: الهند | B17: India | C17: 2 | D17: =_xlfn.XLOOKUP(C17, Sheet2!A:A, Sheet2!B:B) -> 6 | E17: =Table1[[#This Row],[Fees in JOD]]*1.4085 -> 8.451 | G17: =_xlfn.XLOOKUP(F17, Sheet2!C:C, Sheet2!D:D) -> 0 | H17: =Table1[[#This Row],[Added Fees JOD]]*1.4085 -> 0 | I17: =Table1[[#This Row],[Fees in JOD]]+Table1[[#This Row],[Added Fees JOD]] -> 6 | J17: =Table1[[#This Row],[Fees in USD]]+Table1[[#This Row],[Added Fees USD]] -> 8.451
A18: باكستان | B18: Pakistan | C18: 2 | D18: =_xlfn.XLOOKUP(C18, Sheet2!A:A, Sheet2!B:B) -> 6 | E18: =Table1[[#This Row],[Fees in JOD]]*1.4085 -> 8.451 | G18: =_xlfn.XLOOKUP(F18, Sheet2!C:C, Sheet2!D:D) -> 0 | H18: =Table1[[#This Row],[Added Fees JOD]]*1.4085 -> 0 | I18: =Table1[[#This Row],[Fees in JOD]]+Table1[[#This Row],[Added Fees JOD]] -> 6 | J18: =Table1[[#This Row],[Fees in USD]]+Table1[[#This Row],[Added Fees USD]] -> 8.451
A19: بنغلاديش | B19: Bangladesh | C19: 2 | D19: =_xlfn.XLOOKUP(C19, Sheet2!A:A, Sheet2!B:B) -> 6 | E19: =Table1[[#This Row],[Fees in JOD]]*1.4085 -> 8.451 | G19: =_xlfn.XLOOKUP(F19, Sheet2!C:C, Sheet2!D:D) -> 0 | H19: =Table1[[#This Row],[Added Fees JOD]]*1.4085 -> 0 | I19: =Table1[[#This Row],[Fees in JOD]]+Table1[[#This Row],[Added Fees JOD]] -> 6 | J19: =Table1[[#This Row],[Fees in USD]]+Table1[[#This Row],[Added Fees USD]] -> 8.451
A20: عمان | B20: Oman | C20: 2 | D20: =_xlfn.XLOOKUP(C20, Sheet2!A:A, Sheet2!B:B) -> 6 | E20: =Table1[[#This Row],[Fees in JOD]]*1.4085 -> 8.451 | G20: =_xlfn.XLOOKUP(F20, Sheet2!C:C, Sheet2!D:D) -> 0 | H20: =Table1[[#This Row],[Added Fees JOD]]*1.4085 -> 0 | I20: =Table1[[#This Row],[Fees in JOD]]+Table1[[#This Row],[Added Fees JOD]] -> 6 | J20: =Table1[[#This Row],[Fees in USD]]+Table1[[#This Row],[Added Fees USD]] -> 8.451
A21: قطر | B21: Qatar | C21: 2 | D21: =_xlfn.XLOOKUP(C21, Sheet2!A:A, Sheet2!B:B) -> 6 | E21: =Table1[[#This Row],[Fees in JOD]]*1.4085 -> 8.451 | G21: =_xlfn.XLOOKUP(F21, Sheet2!C:C, Sheet2!D:D) -> 0 | H21: =Table1[[#This Row],[Added Fees JOD]]*1.4085 -> 0 | I21: =Table1[[#This Row],[Fees in JOD]]+Table1[[#This Row],[Added Fees JOD]] -> 6 | J21: =Table1[[#This Row],[Fees in USD]]+Table1[[#This Row],[Added Fees USD]] -> 8.451
A22: مصر | B22: Egypt | C22: 2 | D22: =_xlfn.XLOOKUP(C22, Sheet2!A:A, Sheet2!B:B) -> 6 | E22: =Table1[[#This Row],[Fees in JOD]]*1.4085 -> 8.451 | G22: =_xlfn.XLOOKUP(F22, Sheet2!C:C, Sheet2!D:D) -> 0 | H22: =Table1[[#This Row],[Added Fees JOD]]*1.4085 -> 0 | I22: =Table1[[#This Row],[Fees in JOD]]+Table1[[#This Row],[Added Fees JOD]] -> 6 | J22: =Table1[[#This Row],[Fees in USD]]+Table1[[#This Row],[Added Fees USD]] -> 8.451
A23: البرتغال | B23: Portugal | C23: 3 | D23: =_xlfn.XLOOKUP(C23, Sheet2!A:A, Sheet2!B:B) -> 7 | E23: =Table1[[#This Row],[Fees in JOD]]*1.4085 -> 9.8595 | G23: =_xlfn.XLOOKUP(F23, Sheet2!C:C, Sheet2!D:D) -> 0 | H23: =Table1[[#This Row],[Added Fees JOD]]*1.4085 -> 0 | I23: =Table1[[#This Row],[Fees in JOD]]+Table1[[#This Row],[Added Fees JOD]] -> 7 | J23: =Table1[[#This Row],[Fees in USD]]+Table1[[#This Row],[Added Fees USD]] -> 9.8595
A24: الدنمارك | B24: Denmark | C24: 3 | D24: =_xlfn.XLOOKUP(C24, Sheet2!A:A, Sheet2!B:B) -> 7 | E24: =Table1[[#This Row],[Fees in JOD]]*1.4085 -> 9.8595 | G24: =_xlfn.XLOOKUP(F24, Sheet2!C:C, Sheet2!D:D) -> 0 | H24: =Table1[[#This Row],[Added Fees JOD]]*1.4085 -> 0 | I24: =Table1[[#This Row],[Fees in JOD]]+Table1[[#This Row],[Added Fees JOD]] -> 7 | J24: =Table1[[#This Row],[Fees in USD]]+Table1[[#This Row],[Added Fees USD]] -> 9.8595
A25: السودان | B25: Sudan | C25: 3 | D25: =_xlfn.XLOOKUP(C25, Sheet2!A:A, Sheet2!B:B) -> 7 | E25: =Table1[[#This Row],[Fees in JOD]]*1.4085 -> 9.8595 | G25: =_xlfn.XLOOKUP(F25, Sheet2!C:C, Sheet2!D:D) -> 0 | H25: =Table1[[#This Row],[Added Fees JOD]]*1.4085 -> 0 | I25: =Table1[[#This Row],[Fees in JOD]]+Table1[[#This Row],[Added Fees JOD]] -> 7 | J25: =Table1[[#This Row],[Fees in USD]]+Table1[[#This Row],[Added Fees USD]] -> 9.8595
A26: السويد | B26: Sweden | C26: 3 | D26: =_xlfn.XLOOKUP(C26, Sheet2!A:A, Sheet2!B:B) -> 7 | E26: =Table1[[#This Row],[Fees in JOD]]*1.4085 -> 9.8595 | G26: =_xlfn.XLOOKUP(F26, Sheet2!C:C, Sheet2!D:D) -> 0 | H26: =Table1[[#This Row],[Added Fees JOD]]*1.4085 -> 0 | I26: =Table1[[#This Row],[Fees in JOD]]+Table1[[#This Row],[Added Fees JOD]] -> 7 | J26: =Table1[[#This Row],[Fees in USD]]+Table1[[#This Row],[Added Fees USD]] -> 9.8595
... A44: کارخستان | B44: Kazakhstan | C44: 3 | D44: =_xlfn.XLOOKUP(C44, Sheet2!A:A, Sheet2!B:B) -> 7 | E44: =Table1[[#This Row],[Fees in JOD]]*1.4085 -> 9.8595 | G44: =_xlfn.XLOOKUP(F44, Sheet2!C:C, Sheet2!D:D) -> 0 | H44: =Table1[[#This Row],[Added Fees JOD]]*1.4085 -> 0 | I44: =Table1[[#This Row],[Fees in JOD]]+Table1[[#This Row],[Added Fees JOD]] -> 7 | J44: =Table1[[#This Row],[Fees in USD]]+Table1[[#This Row],[Added Fees USD]] -> 9.8595
A45: ليبيا (W) | B45: Libya (W) | C45: 3 | D45: =_xlfn.XLOOKUP(C45, Sheet2!A:A, Sheet2!B:B) -> 7 | E45: =Table1[[#This Row],[Fees in JOD]]*1.4085 -> 9.8595 | F45: W | G45: =_xlfn.XLOOKUP(F45, Sheet2!C:C, Sheet2!D:D) -> 10 | H45: =Table1[[#This Row],[Added Fees JOD]]*1.4085 -> 14.085 | I45: =Table1[[#This Row],[Fees in JOD]]+Table1[[#This Row],[Added Fees JOD]] -> 17 | J45: =Table1[[#This Row],[Fees in USD]]+Table1[[#This Row],[Added Fees USD]] -> 23.9445
A46: موناكو | B46: Monaco | C46: 3 | D46: =_xlfn.XLOOKUP(C46, Sheet2!A:A, Sheet2!B:B) -> 7 | E46: =Table1[[#This Row],[Fees in JOD]]*1.4085 -> 9.8595 | G46: =_xlfn.XLOOKUP(F46, Sheet2!C:C, Sheet2!D:D) -> 0 | H46: =Table1[[#This Row],[Added Fees JOD]]*1.4085 -> 0 | I46: =Table1[[#This Row],[Fees in JOD]]+Table1[[#This Row],[Added Fees JOD]] -> 7 | J46: =Table1[[#This Row],[Fees in USD]]+Table1[[#This Row],[Added Fees USD]] -> 9.8595
A47: استراليا | B47: Australia | C47: 4 | D47: =_xlfn.XLOOKUP(C47, Sheet2!A:A, Sheet2!B:B) -> 8 | E47: =Table1[[#This Row],[Fees in JOD]]*1.4085 -> 11.268 | G47: =_xlfn.XLOOKUP(F47, Sheet2!C:C, Sheet2!D:D) -> 0 | H47: =Table1[[#This Row],[Added Fees JOD]]*1.4085 -> 0 | I47: =Table1[[#This Row],[Fees in JOD]]+Table1[[#This Row],[Added Fees JOD]] -> 8 | J47: =Table1[[#This Row],[Fees in USD]]+Table1[[#This Row],[Added Fees USD]] -> 11.268
A48: الصين | B48: China | C48: 4 | D48: =_xlfn.XLOOKUP(C48, Sheet2!A:A, Sheet2!B:B) -> 8 | E48: =Table1[[#This Row],[Fees in JOD]]*1.4085 -> 11.268 | G48: =_xlfn.XLOOKUP(F48, Sheet2!C:C, Sheet2!D:D) -> 0 | H48: =Table1[[#This Row],[Added Fees JOD]]*1.4085 -> 0 | I48: =Table1[[#This Row],[Fees in JOD]]+Table1[[#This Row],[Added Fees JOD]] -> 8 | J48: =Table1[[#This Row],[Fees in USD]]+Table1[[#This Row],[Added Fees USD]] -> 11.268
A49: الفلبين | B49: Philippines | C49: 4 | D49: =_xlfn.XLOOKUP(C49, Sheet2!A:A, Sheet2!B:B) -> 8 | E49: =Table1[[#This Row],[Fees in JOD]]*1.4085 -> 11.268 | G49: =_xlfn.XLOOKUP(F49, Sheet2!C:C, Sheet2!D:D) -> 0 | H49: =Table1[[#This Row],[Added Fees JOD]]*1.4085 -> 0 | I49: =Table1[[#This Row],[Fees in JOD]]+Table1[[#This Row],[Added Fees JOD]] -> 8 | J49: =Table1[[#This Row],[Fees in USD]]+Table1[[#This Row],[Added Fees USD]] -> 11.268
A50: النرويج | B50: Norway | C50: 4 | D50: =_xlfn.XLOOKUP(C50, Sheet2!A:A, Sheet2!B:B) -> 8 | E50: =Table1[[#This Row],[Fees in JOD]]*1.4085 -> 11.268 | G50: =_xlfn.XLOOKUP(F50, Sheet2!C:C, Sheet2!D:D) -> 0 | H50: =Table1[[#This Row],[Added Fees JOD]]*1.4085 -> 0 | I50: =Table1[[#This Row],[Fees in JOD]]+Table1[[#This Row],[Added Fees JOD]] -> 8 | J50: =Table1[[#This Row],[Fees in USD]]+Table1[[#This Row],[Added Fees USD]] -> 11.268
A51: النمسا | B51: Austria | C51: 4 | D51: =_xlfn.XLOOKUP(C51, Sheet2!A:A, Sheet2!B:B) -> 8 | E51: =Table1[[#This Row],[Fees in JOD]]*1.4085 -> 11.268 | G51: =_xlfn.XLOOKUP(F51, Sheet2!C:C, Sheet2!D:D) -> 0 | H51: =Table1[[#This Row],[Added Fees JOD]]*1.4085 -> 0 | I51: =Table1[[#This Row],[Fees in JOD]]+Table1[[#This Row],[Added Fees JOD]] -> 8 | J51: =Table1[[#This Row],[Fees in USD]]+Table1[[#This Row],[Added Fees USD]] -> 11.268
A52: الولايات المتحده | B52: United States | C52: 4 | D52: =_xlfn.XLOOKUP(C52, Sheet2!A:A, Sheet2!B:B) -> 8 | E52: =Table1[[#This Row],[Fees in JOD]]*1.4085 -> 11.268 | G52: =_xlfn.XLOOKUP(F52, Sheet2!C:C, Sheet2!D:D) -> 0 | H52: =Table1[[#This Row],[Added Fees JOD]]*1.4085 -> 0 | I52: =Table1[[#This Row],[Fees in JOD]]+Table1[[#This Row],[Added Fees JOD]] -> 8 | J52: =Table1[[#This Row],[Fees in USD]]+Table1[[#This Row],[Added Fees USD]] -> 11.268
A53: اندونيسيا | B53: Indonesia | C53: 4 | D53: =_xlfn.XLOOKUP(C53, Sheet2!A:A, Sheet2!B:B) -> 8 | E53: =Table1[[#This Row],[Fees in JOD]]*1.4085 -> 11.268 | G53: =_xlfn.XLOOKUP(F53, Sheet2!C:C, Sheet2!D:D) -> 0 | H53: =Table1[[#This Row],[Added Fees JOD]]*1.4085 -> 0 | I53: =Table1[[#This Row],[Fees in JOD]]+Table1[[#This Row],[Added Fees JOD]] -> 8 | J53: =Table1[[#This Row],[Fees in USD]]+Table1[[#This Row],[Added Fees USD]] -> 11.268
A54: انغولا | B54: Angola | C54: 4 | D54: =_xlfn.XLOOKUP(C54, Sheet2!A:A, Sheet2!B:B) -> 8 | E54: =Table1[[#This Row],[Fees in JOD]]*1.4085 -> 11.268 | G54: =_xlfn.XLOOKUP(F54, Sheet2!C:C, Sheet2!D:D) -> 0 | H54: =Table1[[#This Row],[Added Fees JOD]]*1.4085 -> 0 | I54: =Table1[[#This Row],[Fees in JOD]]+Table1[[#This Row],[Added Fees JOD]] -> 8 | J54: =Table1[[#This Row],[Fees in USD]]+Table1[[#This Row],[Added Fees USD]] -> 11.268
A55: تايلاند | B55: Thailand | C55: 4 | D55: =_xlfn.XLOOKUP(C55, Sheet2!A:A, Sheet2!B:B) -> 8 | E55: =Table1[[#This Row],[Fees in JOD]]*1.4085 -> 11.268 | G55: =_xlfn.XLOOKUP(F55, Sheet2!C:C, Sheet2!D:D) -> 0 | H55: =Table1[[#This Row],[Added Fees JOD]]*1.4085 -> 0 | I55: =Table1[[#This Row],[Fees in JOD]]+Table1[[#This Row],[Added Fees JOD]] -> 8 | J55: =Table1[[#This Row],[Fees in USD]]+Table1[[#This Row],[Added Fees USD]] -> 11.268
A56: تايوان | B56: Taiwan | C56: 4 | D56: =_xlfn.XLOOKUP(C56, Sheet2!A:A, Sheet2!B:B) -> 8 | E56: =Table1[[#This Row],[Fees in JOD]]*1.4085 -> 11.268 | G56: =_xlfn.XLOOKUP(F56, Sheet2!C:C, Sheet2!D:D) -> 0 | H56: =Table1[[#This Row],[Added Fees JOD]]*1.4085 -> 0 | I56: =Table1[[#This Row],[Fees in JOD]]+Table1[[#This Row],[Added Fees JOD]] -> 8 | J56: =Table1[[#This Row],[Fees in USD]]+Table1[[#This Row],[Added Fees USD]] -> 11.268
A57: سنغافورة | B57: Singapore | C57: 4 | D57: =_xlfn.XLOOKUP(C57, Sheet2!A:A, Sheet2!B:B) -> 8 | E57: =Table1[[#This Row],[Fees in JOD]]*1.4085 -> 11.268 | G57: =_xlfn.XLOOKUP(F57, Sheet2!C:C, Sheet2!D:D) -> 0 | H57: =Table1[[#This Row],[Added Fees JOD]]*1.4085 -> 0 | I57: =Table1[[#This Row],[Fees in JOD]]+Table1[[#This Row],[Added Fees JOD]] -> 8 | J57: =Table1[[#This Row],[Fees in USD]]+Table1[[#This Row],[Added Fees USD]] -> 11.268
... A252: يوغو سلافيا | B252: Yugoslavia | C252: 5 | D252: =_xlfn.XLOOKUP(C252, Sheet2!A:A, Sheet2!B:B) -> 9 | E252: =Table1[[#This Row],[Fees in JOD]]*1.4085 -> 12.6765 | G252: =_xlfn.XLOOKUP(F252, Sheet2!C:C, Sheet2!D:D) -> 0 | H252: =Table1[[#This Row],[Added Fees JOD]]*1.4085 -> 0 | I252: =Table1[[#This Row],[Fees in JOD]]+Table1[[#This Row],[Added Fees JOD]] -> 9 | J252: =Table1[[#This Row],[Fees in USD]]+Table1[[#This Row],[Added Fees USD]] -> 12.6765

Sheet Sheet2
A1: Area Code | B1: Fees | C1: Special Conditions | D1: Added Fees | E1: Notes
A2: 1 | B2: 5 | C2: W | D2: 10 | E2: cover war-related risks and other contingencies
A3: 2 | B3: 6 | C3: AC US | D3: 10 | E3: address correction for shipments delivered within the United States
A4: 3 | B4: 7 | C4: AC WW | D4: 5 | E4: address correction for shipments delivered to countries other than the United States
A5: 4 | B5: 8 | C5: SoD | D5: 7 | E5: “Signature on Delivery” service for shipments delivered within the United States
A6: 5 | B6: 9 | C6: RD in US | D6: 7 | E6: residential address delivery within the United States, amounting to 7 JOD per package.
